Name	Track Count	App	Version	Created	Modified
test-device.als	4	Ableton Live	11.2.11	Mon Oct 07 2024 15:32:19 GMT-0700 (Pacific Daylight Saving Time)	Mon Oct 07 2024 15:32:19 GMT-0700 (Pacific Daylight Saving Time)
jon- pulsar.als	4	Ableton Live	11.1.6	Mon Oct 07 2024 15:32:19 GMT-0700 (Pacific Daylight Saving Time)	Mon Oct 07 2024 15:32:19 GMT-0700 (Pacific Daylight Saving Time)
OSC-Send-Test.als	0	Ableton Live	11.2.11	Mon Oct 07 2024 15:32:19 GMT-0700 (Pacific Daylight Saving Time)	Mon Oct 07 2024 15:32:19 GMT-0700 (Pacific Daylight Saving Time)
skipper.als	5	Ableton Live	11.2.11	Mon Oct 07 2024 15:32:19 GMT-0700 (Pacific Daylight Saving Time)	Mon Oct 07 2024 15:32:19 GMT-0700 (Pacific Daylight Saving Time)
One.als	6	Ableton Live	11.2.5	Mon Oct 07 2024 15:32:19 GMT-0700 (Pacific Daylight Saving Time)	Mon Oct 07 2024 15:32:19 GMT-0700 (Pacific Daylight Saving Time)
Two.als	4	Ableton Live	11.2.6	Mon Oct 07 2024 15:32:19 GMT-0700 (Pacific Daylight Saving Time)	Mon Oct 07 2024 15:32:19 GMT-0700 (Pacific Daylight Saving Time)
StarterTPL.als	5	Ableton Live	11.2.7	Mon Oct 07 2024 15:32:19 GMT-0700 (Pacific Daylight Saving Time)	Mon Oct 07 2024 15:32:19 GMT-0700 (Pacific Daylight Saving Time)
heart of the thing.als	5	Ableton Live	11.2.11	Mon Oct 07 2024 15:32:19 GMT-0700 (Pacific Daylight Saving Time)	Mon Oct 07 2024 15:32:19 GMT-0700 (Pacific Daylight Saving Time)
roller.als	6	Ableton Live	11.3.30	Mon Oct 07 2024 15:32:19 GMT-0700 (Pacific Daylight Saving Time)	Mon Oct 07 2024 15:32:19 GMT-0700 (Pacific Daylight Saving Time)
break.als	4	Ableton Live	11.2.5	Mon Oct 07 2024 15:32:20 GMT-0700 (Pacific Daylight Saving Time)	Mon Oct 07 2024 15:32:20 GMT-0700 (Pacific Daylight Saving Time)
crawler.als	5	Ableton Live	11.2.11	Mon Oct 07 2024 15:32:20 GMT-0700 (Pacific Daylight Saving Time)	Mon Oct 07 2024 15:32:20 GMT-0700 (Pacific Daylight Saving Time)
wall-ish.als	5	Ableton Live	11.3.1	Mon Oct 07 2024 15:32:20 GMT-0700 (Pacific Daylight Saving Time)	Mon Oct 07 2024 15:32:20 GMT-0700 (Pacific Daylight Saving Time)
leeches.als	30	Ableton Live	11.1.6	Mon Oct 07 2024 15:32:20 GMT-0700 (Pacific Daylight Saving Time)	Mon Oct 07 2024 15:32:20 GMT-0700 (Pacific Daylight Saving Time)
wharehouse setting.als	30	Ableton Live	11.1.6	Mon Oct 07 2024 15:32:20 GMT-0700 (Pacific Daylight Saving Time)	Mon Oct 07 2024 15:32:20 GMT-0700 (Pacific Daylight Saving Time)
tickle.als	30	Ableton Live	11.1.6	Mon Oct 07 2024 15:32:20 GMT-0700 (Pacific Daylight Saving Time)	Mon Oct 07 2024 15:32:20 GMT-0700 (Pacific Daylight Saving Time)
anti-vax yoga retreat.als	7	Ableton Live	11.2.11	Mon Oct 07 2024 15:32:21 GMT-0700 (Pacific Daylight Saving Time)	Mon Oct 07 2024 15:32:21 GMT-0700 (Pacific Daylight Saving Time)
Morning riser - loops.als	11	Ableton Live	11.1.6	Mon Oct 07 2024 15:32:21 GMT-0700 (Pacific Daylight Saving Time)	Mon Oct 07 2024 15:32:21 GMT-0700 (Pacific Daylight Saving Time)
park party fodder.als	12	Ableton Live	11.1.6	Mon Oct 07 2024 15:32:21 GMT-0700 (Pacific Daylight Saving Time)	Mon Oct 07 2024 15:32:21 GMT-0700 (Pacific Daylight Saving Time)
anti-vax yoga retreat 11.als	7	Ableton Live	11.3.30	Mon Oct 07 2024 15:32:21 GMT-0700 (Pacific Daylight Saving Time)	Mon Oct 07 2024 15:32:21 GMT-0700 (Pacific Daylight Saving Time)
Dawning Hold.als	30	Ableton Live	11.1.6	Mon Oct 07 2024 15:32:21 GMT-0700 (Pacific Daylight Saving Time)	Mon Oct 07 2024 15:32:21 GMT-0700 (Pacific Daylight Saving Time)
just some house beats.als	5	Ableton Live	11.2.11	Mon Oct 07 2024 15:32:21 GMT-0700 (Pacific Daylight Saving Time)	Mon Oct 07 2024 15:32:21 GMT-0700 (Pacific Daylight Saving Time)
just some house beats - 11.als	5	Ableton Live	11.3.30	Mon Oct 07 2024 15:32:22 GMT-0700 (Pacific Daylight Saving Time)	Mon Oct 07 2024 15:32:22 GMT-0700 (Pacific Daylight Saving Time)
TPL1-desk-2023.als	22	Ableton Live	11.2.11	Mon Oct 07 2024 15:32:22 GMT-0700 (Pacific Daylight Saving Time)	Mon Oct 07 2024 15:32:22 GMT-0700 (Pacific Daylight Saving Time)
wharehouse setting - 11.3.als	30	Ableton Live	11.3.30	Mon Oct 07 2024 15:32:22 GMT-0700 (Pacific Daylight Saving Time)	Mon Oct 07 2024 15:32:22 GMT-0700 (Pacific Daylight Saving Time)
Morning riser.als	27	Ableton Live	11.1.6	Mon Oct 07 2024 15:32:22 GMT-0700 (Pacific Daylight Saving Time)	Mon Oct 07 2024 15:32:22 GMT-0700 (Pacific Daylight Saving Time)
elevation.als	7	Ableton Live	11.2.11	Mon Oct 07 2024 15:32:23 GMT-0700 (Pacific Daylight Saving Time)	Mon Oct 07 2024 15:32:23 GMT-0700 (Pacific Daylight Saving Time)
dumb house shit.als	27	Ableton Live	11.2.11	Mon Oct 07 2024 15:32:23 GMT-0700 (Pacific Daylight Saving Time)	Mon Oct 07 2024 15:32:23 GMT-0700 (Pacific Daylight Saving Time)
singled out.als	10	Ableton Live	11.2.11	Mon Oct 07 2024 15:32:23 GMT-0700 (Pacific Daylight Saving Time)	Mon Oct 07 2024 15:32:23 GMT-0700 (Pacific Daylight Saving Time)
singled out 11.als	10	Ableton Live	11.3.30	Mon Oct 07 2024 15:32:24 GMT-0700 (Pacific Daylight Saving Time)	Mon Oct 07 2024 15:32:24 GMT-0700 (Pacific Daylight Saving Time)
Low Berg.als	10	Ableton Live	11.2.11	Mon Oct 07 2024 15:32:24 GMT-0700 (Pacific Daylight Saving Time)	Mon Oct 07 2024 15:32:24 GMT-0700 (Pacific Daylight Saving Time)
signal outbound 11.als	8	Ableton Live	11.3.30	Mon Oct 07 2024 15:32:24 GMT-0700 (Pacific Daylight Saving Time)	Mon Oct 07 2024 15:32:24 GMT-0700 (Pacific Daylight Saving Time)
signal outbound.als	8	Ableton Live	11.2.11	Mon Oct 07 2024 15:32:24 GMT-0700 (Pacific Daylight Saving Time)	Mon Oct 07 2024 15:32:24 GMT-0700 (Pacific Daylight Saving Time)
Model Junior.als	6	Ableton Live	11.2.11	Mon Oct 07 2024 15:32:25 GMT-0700 (Pacific Daylight Saving Time)	Mon Oct 07 2024 15:32:25 GMT-0700 (Pacific Daylight Saving Time)
slowed stasis.als	7	Ableton Live	11.2.11	Mon Oct 07 2024 15:32:25 GMT-0700 (Pacific Daylight Saving Time)	Mon Oct 07 2024 15:32:25 GMT-0700 (Pacific Daylight Saving Time)
half time.als	17	Ableton Live	11.2.11	Mon Oct 07 2024 15:32:25 GMT-0700 (Pacific Daylight Saving Time)	Mon Oct 07 2024 15:32:25 GMT-0700 (Pacific Daylight Saving Time)
haus-ah.als	13	Ableton Live	11.2.11	Mon Oct 07 2024 15:32:26 GMT-0700 (Pacific Daylight Saving Time)	Mon Oct 07 2024 15:32:26 GMT-0700 (Pacific Daylight Saving Time)
Ticks.als	12	Ableton Live	11.1.6	Mon Oct 07 2024 15:32:26 GMT-0700 (Pacific Daylight Saving Time)	Mon Oct 07 2024 15:32:26 GMT-0700 (Pacific Daylight Saving Time)
eh hey eh.als	8	Ableton Live	11.2.11	Mon Oct 07 2024 15:32:27 GMT-0700 (Pacific Daylight Saving Time)	Mon Oct 07 2024 15:32:27 GMT-0700 (Pacific Daylight Saving Time)
